filename,source_url,license,timestamp,category,size_kb
gallery_0.jpg,https://picsum.photos/400/400,2026-01-26 12:15:28,gallery,32.82
gallery_1.jpg,https://picsum.photos/400/400,2026-01-26 12:15:28,gallery,40.61
gallery_2.jpg,https://picsum.photos/400/400,2026-01-26 12:15:28,gallery,23.92
gallery_3.jpg,https://picsum.photos/400/400,2026-01-26 12:15:29,gallery,31.85
gallery_4.jpg,https://picsum.photos/400/400,2026-01-26 12:15:29,gallery,11.05
gallery_5.jpg,https://picsum.photos/400/400,2026-01-26 12:15:30,gallery,20.7
gallery_6.jpg,https://picsum.photos/400/400,2026-01-26 12:15:30,gallery,36.33
gallery_7.jpg,https://picsum.photos/400/400,2026-01-26 12:15:31,gallery,39.72
gallery_8.jpg,https://picsum.photos/400/400,2026-01-26 12:15:31,gallery,13.6
gallery_9.jpg,https://picsum.photos/400/400,2026-01-26 12:15:32,gallery,27.03
gallery_10.jpg,https://picsum.photos/400/400,2026-01-26 12:15:32,gallery,29.58
gallery_11.jpg,https://picsum.photos/400/400,2026-01-26 12:15:33,gallery,12.03
gallery_12.jpg,https://picsum.photos/400/400,2026-01-26 12:15:33,gallery,19.92
gallery_13.jpg,https://picsum.photos/400/400,2026-01-26 12:15:34,gallery,19.57
gallery_14.jpg,https://picsum.photos/400/400,2026-01-26 12:15:34,gallery,24.43
gallery_15.jpg,https://picsum.photos/400/400,2026-01-26 12:15:35,gallery,17.75
gallery_16.jpg,https://picsum.photos/400/400,2026-01-26 12:15:35,gallery,22.63
gallery_17.jpg,https://picsum.photos/400/400,2026-01-26 12:15:36,gallery,15.12
gallery_18.jpg,https://picsum.photos/400/400,2026-01-26 12:15:36,gallery,43.11
gallery_19.jpg,https://picsum.photos/400/400,2026-01-26 12:15:37,gallery,28.33
gallery_20.jpg,https://picsum.photos/400/400,2026-01-26 12:15:37,gallery,17.85
gallery_21.jpg,https://picsum.photos/400/400,2026-01-26 12:15:38,gallery,14.97
gallery_22.jpg,https://picsum.photos/400/400,2026-01-26 12:15:38,gallery,20.26
gallery_23.jpg,https://picsum.photos/400/400,2026-01-26 12:15:39,gallery,45.1
gallery_24.jpg,https://picsum.photos/400/400,2026-01-26 12:15:39,gallery,18.48
gallery_25.jpg,https://picsum.photos/400/400,2026-01-26 12:15:40,gallery,21.01
gallery_26.jpg,https://picsum.photos/400/400,2026-01-26 12:15:40,gallery,29.21
gallery_27.jpg,https://picsum.photos/400/400,2026-01-26 12:15:41,gallery,14.2
gallery_28.jpg,https://picsum.photos/400/400,2026-01-26 12:15:41,gallery,24.04
gallery_29.jpg,https://picsum.photos/400/400,2026-01-26 12:15:42,gallery,36.48
gallery_30.jpg,https://picsum.photos/400/400,2026-01-26 12:15:42,gallery,19.58
gallery_31.jpg,https://picsum.photos/400/400,2026-01-26 12:15:43,gallery,30.8
gallery_32.jpg,https://picsum.photos/400/400,2026-01-26 12:15:43,gallery,21.55
gallery_33.jpg,https://picsum.photos/400/400,2026-01-26 12:15:44,gallery,19.05
gallery_34.jpg,https://picsum.photos/400/400,2026-01-26 12:15:44,gallery,17.73
gallery_35.jpg,https://picsum.photos/400/400,2026-01-26 12:15:45,gallery,13.32
gallery_36.jpg,https://picsum.photos/400/400,2026-01-26 12:15:45,gallery,19.62
gallery_37.jpg,https://picsum.photos/400/400,2026-01-26 12:15:46,gallery,34.9
gallery_38.jpg,https://picsum.photos/400/400,2026-01-26 12:15:47,gallery,19.84
gallery_39.jpg,https://picsum.photos/400/400,2026-01-26 12:15:47,gallery,14.4
gallery_40.jpg,https://picsum.photos/400/400,2026-01-26 12:15:48,gallery,12.7
gallery_41.jpg,https://picsum.photos/400/400,2026-01-26 12:15:48,gallery,10.26
gallery_42.jpg,https://picsum.photos/400/400,2026-01-26 12:15:49,gallery,37.45
gallery_43.jpg,https://picsum.photos/400/400,2026-01-26 12:15:50,gallery,16.76
gallery_44.jpg,https://picsum.photos/400/400,2026-01-26 12:15:51,gallery,9.36
gallery_45.jpg,https://picsum.photos/400/400,2026-01-26 12:15:52,gallery,5.85
gallery_46.jpg,https://picsum.photos/400/400,2026-01-26 12:15:52,gallery,19.66
gallery_47.jpg,https://picsum.photos/400/400,2026-01-26 12:15:53,gallery,8.2
gallery_48.jpg,https://picsum.photos/400/400,2026-01-26 12:15:53,gallery,33.66
gallery_49.jpg,https://picsum.photos/400/400,2026-01-26 12:15:54,gallery,23.19
gallery_50.jpg,https://picsum.photos/400/400,2026-01-26 12:15:55,gallery,42.6
gallery_51.jpg,https://picsum.photos/400/400,2026-01-26 12:15:55,gallery,40.88
gallery_52.jpg,https://picsum.photos/400/400,2026-01-26 12:15:56,gallery,26.16
gallery_53.jpg,https://picsum.photos/400/400,2026-01-26 12:15:57,gallery,15.48
gallery_54.jpg,https://picsum.photos/400/400,2026-01-26 12:15:58,gallery,29.05
gallery_55.jpg,https://picsum.photos/400/400,2026-01-26 12:15:59,gallery,34.47
gallery_56.jpg,https://picsum.photos/400/400,2026-01-26 12:15:59,gallery,18.25
gallery_57.jpg,https://picsum.photos/400/400,2026-01-26 12:16:00,gallery,27.44
gallery_58.jpg,https://picsum.photos/400/400,2026-01-26 12:16:01,gallery,13.3
gallery_59.jpg,https://picsum.photos/400/400,2026-01-26 12:16:02,gallery,10.13
gallery_60.jpg,https://picsum.photos/400/400,2026-01-26 12:16:02,gallery,35.23
gallery_61.jpg,https://picsum.photos/400/400,2026-01-26 12:16:03,gallery,38.56
gallery_62.jpg,https://picsum.photos/400/400,2026-01-26 12:16:04,gallery,36.29
gallery_63.jpg,https://picsum.photos/400/400,2026-01-26 12:16:06,gallery,14.82
gallery_64.jpg,https://picsum.photos/400/400,2026-01-26 12:16:06,gallery,6.97
gallery_65.jpg,https://picsum.photos/400/400,2026-01-26 12:16:07,gallery,13.11
gallery_66.jpg,https://picsum.photos/400/400,2026-01-26 12:16:08,gallery,28.31
gallery_67.jpg,https://picsum.photos/400/400,2026-01-26 12:16:08,gallery,19.67
gallery_68.jpg,https://picsum.photos/400/400,2026-01-26 12:16:09,gallery,31.96
gallery_69.jpg,https://picsum.photos/400/400,2026-01-26 12:16:09,gallery,20.49
gallery_70.jpg,https://picsum.photos/400/400,2026-01-26 12:16:10,gallery,40.6
gallery_71.jpg,https://picsum.photos/400/400,2026-01-26 12:16:11,gallery,20.81
gallery_72.jpg,https://picsum.photos/400/400,2026-01-26 12:16:11,gallery,23.41
gallery_73.jpg,https://picsum.photos/400/400,2026-01-26 12:16:12,gallery,32.94
gallery_74.jpg,https://picsum.photos/400/400,2026-01-26 12:16:13,gallery,20.59
gallery_75.jpg,https://picsum.photos/400/400,2026-01-26 12:16:13,gallery,10.48
gallery_76.jpg,https://picsum.photos/400/400,2026-01-26 12:16:14,gallery,8.87
gallery_77.jpg,https://picsum.photos/400/400,2026-01-26 12:16:15,gallery,23.74
gallery_78.jpg,https://picsum.photos/400/400,2026-01-26 12:16:15,gallery,13.1
gallery_79.jpg,https://picsum.photos/400/400,2026-01-26 12:16:16,gallery,16.24
gallery_80.jpg,https://picsum.photos/400/400,2026-01-26 12:16:16,gallery,26.38
gallery_81.jpg,https://picsum.photos/400/400,2026-01-26 12:16:17,gallery,31.99
gallery_82.jpg,https://picsum.photos/400/400,2026-01-26 12:16:17,gallery,17.56
gallery_83.jpg,https://picsum.photos/400/400,2026-01-26 12:16:18,gallery,36.3
gallery_84.jpg,https://picsum.photos/400/400,2026-01-26 12:16:19,gallery,15.74
gallery_85.jpg,https://picsum.photos/400/400,2026-01-26 12:16:19,gallery,16.72
gallery_86.jpg,https://picsum.photos/400/400,2026-01-26 12:16:20,gallery,21.06
gallery_87.jpg,https://picsum.photos/400/400,2026-01-26 12:16:20,gallery,33.3
gallery_88.jpg,https://picsum.photos/400/400,2026-01-26 12:16:21,gallery,27.75
gallery_89.jpg,https://picsum.photos/400/400,2026-01-26 12:16:22,gallery,18.74
gallery_90.jpg,https://picsum.photos/400/400,2026-01-26 12:16:22,gallery,13.01
gallery_91.jpg,https://picsum.photos/400/400,2026-01-26 12:16:23,gallery,19.48
gallery_92.jpg,https://picsum.photos/400/400,2026-01-26 12:16:24,gallery,37.33
gallery_93.jpg,https://picsum.photos/400/400,2026-01-26 12:16:25,gallery,30.89
gallery_94.jpg,https://picsum.photos/400/400,2026-01-26 12:16:26,gallery,51.29
gallery_95.jpg,https://picsum.photos/400/400,2026-01-26 12:16:27,gallery,19.39
gallery_96.jpg,https://picsum.photos/400/400,2026-01-26 12:16:27,gallery,37.48
gallery_97.jpg,https://picsum.photos/400/400,2026-01-26 12:16:28,gallery,16.19
gallery_98.jpg,https://picsum.photos/400/400,2026-01-26 12:16:28,gallery,30.11
gallery_99.jpg,https://picsum.photos/400/400,2026-01-26 12:16:29,gallery,19.04
gallery_100.jpg,https://picsum.photos/400/400,2026-01-26 12:16:30,gallery,27.16
gallery_101.jpg,https://picsum.photos/400/400,2026-01-26 12:16:30,gallery,37.35
gallery_102.jpg,https://picsum.photos/400/400,2026-01-26 12:16:31,gallery,23.6
gallery_103.jpg,https://picsum.photos/400/400,2026-01-26 12:16:32,gallery,21.21
gallery_104.jpg,https://picsum.photos/400/400,2026-01-26 12:16:33,gallery,30.29
gallery_105.jpg,https://picsum.photos/400/400,2026-01-26 12:16:33,gallery,8.13
gallery_106.jpg,https://picsum.photos/400/400,2026-01-26 12:16:34,gallery,23.0
gallery_107.jpg,https://picsum.photos/400/400,2026-01-26 12:16:34,gallery,15.99
gallery_108.jpg,https://picsum.photos/400/400,2026-01-26 12:16:35,gallery,23.77
gallery_109.jpg,https://picsum.photos/400/400,2026-01-26 12:16:36,gallery,14.24
gallery_110.jpg,https://picsum.photos/400/400,2026-01-26 12:16:36,gallery,11.9
gallery_111.jpg,https://picsum.photos/400/400,2026-01-26 12:16:37,gallery,40.75
gallery_112.jpg,https://picsum.photos/400/400,2026-01-26 12:16:38,gallery,20.07
gallery_113.jpg,https://picsum.photos/400/400,2026-01-26 12:16:39,gallery,14.55
gallery_114.jpg,https://picsum.photos/400/400,2026-01-26 12:16:39,gallery,13.79
gallery_115.jpg,https://picsum.photos/400/400,2026-01-26 12:16:40,gallery,26.96
gallery_116.jpg,https://picsum.photos/400/400,2026-01-26 12:16:41,gallery,16.83
gallery_117.jpg,https://picsum.photos/400/400,2026-01-26 12:16:41,gallery,12.86
gallery_118.jpg,https://picsum.photos/400/400,2026-01-26 12:16:42,gallery,34.57
gallery_119.jpg,https://picsum.photos/400/400,2026-01-26 12:16:43,gallery,31.2
gallery_120.jpg,https://picsum.photos/400/400,2026-01-26 12:16:43,gallery,9.68
gallery_121.jpg,https://picsum.photos/400/400,2026-01-26 12:16:44,gallery,18.96
gallery_122.jpg,https://picsum.photos/400/400,2026-01-26 12:16:44,gallery,16.02
gallery_123.jpg,https://picsum.photos/400/400,2026-01-26 12:16:45,gallery,28.55
gallery_124.jpg,https://picsum.photos/400/400,2026-01-26 12:16:46,gallery,25.72
gallery_125.jpg,https://picsum.photos/400/400,2026-01-26 12:16:46,gallery,14.19
gallery_126.jpg,https://picsum.photos/400/400,2026-01-26 12:16:47,gallery,14.67
gallery_127.jpg,https://picsum.photos/400/400,2026-01-26 12:16:48,gallery,21.16
gallery_128.jpg,https://picsum.photos/400/400,2026-01-26 12:16:49,gallery,15.51
gallery_129.jpg,https://picsum.photos/400/400,2026-01-26 12:16:50,gallery,30.34
gallery_130.jpg,https://picsum.photos/400/400,2026-01-26 12:16:50,gallery,30.86
gallery_131.jpg,https://picsum.photos/400/400,2026-01-26 12:16:51,gallery,25.12
gallery_132.jpg,https://picsum.photos/400/400,2026-01-26 12:16:51,gallery,25.81
gallery_133.jpg,https://picsum.photos/400/400,2026-01-26 12:16:52,gallery,24.49
gallery_134.jpg,https://picsum.photos/400/400,2026-01-26 12:16:53,gallery,36.4
gallery_135.jpg,https://picsum.photos/400/400,2026-01-26 12:16:53,gallery,26.06
gallery_136.jpg,https://picsum.photos/400/400,2026-01-26 12:16:54,gallery,26.13
gallery_137.jpg,https://picsum.photos/400/400,2026-01-26 12:16:56,gallery,32.3
gallery_138.jpg,https://picsum.photos/400/400,2026-01-26 12:16:57,gallery,27.05
gallery_139.jpg,https://picsum.photos/400/400,2026-01-26 12:16:57,gallery,43.39
gallery_140.jpg,https://picsum.photos/400/400,2026-01-26 12:16:58,gallery,3.86
gallery_141.jpg,https://picsum.photos/400/400,2026-01-26 12:16:59,gallery,14.55
gallery_142.jpg,https://picsum.photos/400/400,2026-01-26 12:16:59,gallery,26.09
gallery_143.jpg,https://picsum.photos/400/400,2026-01-26 12:17:00,gallery,22.48
gallery_144.jpg,https://picsum.photos/400/400,2026-01-26 12:17:00,gallery,25.12
gallery_145.jpg,https://picsum.photos/400/400,2026-01-26 12:17:02,gallery,19.69
gallery_146.jpg,https://picsum.photos/400/400,2026-01-26 12:17:02,gallery,11.54
gallery_147.jpg,https://picsum.photos/400/400,2026-01-26 12:17:03,gallery,12.29
gallery_148.jpg,https://picsum.photos/400/400,2026-01-26 12:17:03,gallery,12.58
gallery_149.jpg,https://picsum.photos/400/400,2026-01-26 12:17:04,gallery,22.33
gallery_150.jpg,https://picsum.photos/400/400,2026-01-26 12:17:05,gallery,39.98
gallery_151.jpg,https://picsum.photos/400/400,2026-01-26 12:17:06,gallery,9.59
gallery_152.jpg,https://picsum.photos/400/400,2026-01-26 12:17:06,gallery,32.48
gallery_153.jpg,https://picsum.photos/400/400,2026-01-26 12:17:07,gallery,36.37
gallery_154.jpg,https://picsum.photos/400/400,2026-01-26 12:17:07,gallery,13.66
gallery_155.jpg,https://picsum.photos/400/400,2026-01-26 12:17:09,gallery,28.39
gallery_156.jpg,https://picsum.photos/400/400,2026-01-26 12:17:10,gallery,44.04
gallery_157.jpg,https://picsum.photos/400/400,2026-01-26 12:17:10,gallery,14.98
gallery_158.jpg,https://picsum.photos/400/400,2026-01-26 12:17:11,gallery,31.49
gallery_159.jpg,https://picsum.photos/400/400,2026-01-26 12:17:11,gallery,34.97
gallery_160.jpg,https://picsum.photos/400/400,2026-01-26 12:17:12,gallery,14.02
gallery_161.jpg,https://picsum.photos/400/400,2026-01-26 12:17:12,gallery,24.04
gallery_162.jpg,https://picsum.photos/400/400,2026-01-26 12:17:13,gallery,19.34
gallery_163.jpg,https://picsum.photos/400/400,2026-01-26 12:17:14,gallery,22.64
gallery_164.jpg,https://picsum.photos/400/400,2026-01-26 12:17:14,gallery,25.57
gallery_165.jpg,https://picsum.photos/400/400,2026-01-26 12:17:15,gallery,40.65
gallery_166.jpg,https://picsum.photos/400/400,2026-01-26 12:17:15,gallery,26.36
gallery_167.jpg,https://picsum.photos/400/400,2026-01-26 12:17:16,gallery,13.04
gallery_168.jpg,https://picsum.photos/400/400,2026-01-26 12:17:17,gallery,26.86
gallery_169.jpg,https://picsum.photos/400/400,2026-01-26 12:17:18,gallery,20.56
gallery_170.jpg,https://picsum.photos/400/400,2026-01-26 12:17:18,gallery,45.39
gallery_171.jpg,https://picsum.photos/400/400,2026-01-26 12:17:19,gallery,10.13
gallery_172.jpg,https://picsum.photos/400/400,2026-01-26 12:17:20,gallery,28.56
gallery_173.jpg,https://picsum.photos/400/400,2026-01-26 12:17:21,gallery,34.65
gallery_174.jpg,https://picsum.photos/400/400,2026-01-26 12:17:22,gallery,15.66
gallery_175.jpg,https://picsum.photos/400/400,2026-01-26 12:17:23,gallery,23.33
gallery_176.jpg,https://picsum.photos/400/400,2026-01-26 12:17:24,gallery,34.42
gallery_177.jpg,https://picsum.photos/400/400,2026-01-26 12:17:25,gallery,19.57
gallery_178.jpg,https://picsum.photos/400/400,2026-01-26 12:17:26,gallery,37.24
gallery_179.jpg,https://picsum.photos/400/400,2026-01-26 12:17:28,gallery,34.21
gallery_180.jpg,https://picsum.photos/400/400,2026-01-26 12:17:28,gallery,24.38
gallery_181.jpg,https://picsum.photos/400/400,2026-01-26 12:17:29,gallery,42.4
gallery_182.jpg,https://picsum.photos/400/400,2026-01-26 12:17:30,gallery,28.82
gallery_183.jpg,https://picsum.photos/400/400,2026-01-26 12:17:30,gallery,11.93
gallery_184.jpg,https://picsum.photos/400/400,2026-01-26 12:17:31,gallery,16.71
gallery_185.jpg,https://picsum.photos/400/400,2026-01-26 12:17:31,gallery,40.17
gallery_186.jpg,https://picsum.photos/400/400,2026-01-26 12:17:32,gallery,26.91
gallery_187.jpg,https://picsum.photos/400/400,2026-01-26 12:17:34,gallery,14.46
gallery_188.jpg,https://picsum.photos/400/400,2026-01-26 12:17:34,gallery,27.78
gallery_189.jpg,https://picsum.photos/400/400,2026-01-26 12:17:35,gallery,4.71
gallery_190.jpg,https://picsum.photos/400/400,2026-01-26 12:17:35,gallery,10.57
gallery_191.jpg,https://picsum.photos/400/400,2026-01-26 12:17:36,gallery,45.13
gallery_192.jpg,https://picsum.photos/400/400,2026-01-26 12:17:37,gallery,34.4
gallery_193.jpg,https://picsum.photos/400/400,2026-01-26 12:17:37,gallery,23.17
gallery_194.jpg,https://picsum.photos/400/400,2026-01-26 12:17:38,gallery,23.88
gallery_195.jpg,https://picsum.photos/400/400,2026-01-26 12:17:38,gallery,25.29
gallery_196.jpg,https://picsum.photos/400/400,2026-01-26 12:17:39,gallery,11.25
gallery_197.jpg,https://picsum.photos/400/400,2026-01-26 12:17:39,gallery,16.72
gallery_198.jpg,https://picsum.photos/400/400,2026-01-26 12:17:40,gallery,6.96
gallery_199.jpg,https://picsum.photos/400/400,2026-01-26 12:17:40,gallery,11.0
gallery_200.jpg,https://picsum.photos/400/400,2026-01-26 12:17:41,gallery,12.85
gallery_201.jpg,https://picsum.photos/400/400,2026-01-26 12:17:42,gallery,22.05
gallery_202.jpg,https://picsum.photos/400/400,2026-01-26 12:17:43,gallery,50.94
gallery_203.jpg,https://picsum.photos/400/400,2026-01-26 12:17:43,gallery,22.53
gallery_204.jpg,https://picsum.photos/400/400,2026-01-26 12:17:45,gallery,33.22
gallery_205.jpg,https://picsum.photos/400/400,2026-01-26 12:17:45,gallery,28.57
gallery_206.jpg,https://picsum.photos/400/400,2026-01-26 12:17:47,gallery,37.82
gallery_207.jpg,https://picsum.photos/400/400,2026-01-26 12:17:47,gallery,21.66
gallery_208.jpg,https://picsum.photos/400/400,2026-01-26 12:17:48,gallery,14.69
gallery_209.jpg,https://picsum.photos/400/400,2026-01-26 12:17:49,gallery,14.86
gallery_210.jpg,https://picsum.photos/400/400,2026-01-26 12:17:49,gallery,25.03
gallery_211.jpg,https://picsum.photos/400/400,2026-01-26 12:17:50,gallery,12.05
gallery_212.jpg,https://picsum.photos/400/400,2026-01-26 12:17:51,gallery,13.75
gallery_213.jpg,https://picsum.photos/400/400,2026-01-26 12:17:52,gallery,18.48
gallery_214.jpg,https://picsum.photos/400/400,2026-01-26 12:17:53,gallery,14.92
gallery_215.jpg,https://picsum.photos/400/400,2026-01-26 12:17:53,gallery,18.15
gallery_216.jpg,https://picsum.photos/400/400,2026-01-26 12:17:54,gallery,7.83
gallery_217.jpg,https://picsum.photos/400/400,2026-01-26 12:17:54,gallery,7.24
gallery_218.jpg,https://picsum.photos/400/400,2026-01-26 12:17:55,gallery,18.68
gallery_219.jpg,https://picsum.photos/400/400,2026-01-26 12:17:56,gallery,19.68
gallery_220.jpg,https://picsum.photos/400/400,2026-01-26 12:17:57,gallery,24.19
gallery_221.jpg,https://picsum.photos/400/400,2026-01-26 12:17:57,gallery,22.2
gallery_222.jpg,https://picsum.photos/400/400,2026-01-26 12:17:58,gallery,19.65
gallery_223.jpg,https://picsum.photos/400/400,2026-01-26 12:17:59,gallery,12.95
gallery_224.jpg,https://picsum.photos/400/400,2026-01-26 12:18:00,gallery,30.0
gallery_225.jpg,https://picsum.photos/400/400,2026-01-26 12:18:01,gallery,9.75
gallery_226.jpg,https://picsum.photos/400/400,2026-01-26 12:18:02,gallery,25.24
gallery_227.jpg,https://picsum.photos/400/400,2026-01-26 12:18:03,gallery,35.51
gallery_228.jpg,https://picsum.photos/400/400,2026-01-26 12:18:03,gallery,43.92
gallery_229.jpg,https://picsum.photos/400/400,2026-01-26 12:18:05,gallery,15.71
gallery_230.jpg,https://picsum.photos/400/400,2026-01-26 12:18:06,gallery,32.36
gallery_231.jpg,https://picsum.photos/400/400,2026-01-26 12:18:07,gallery,35.54
gallery_232.jpg,https://picsum.photos/400/400,2026-01-26 12:18:07,gallery,13.96
gallery_233.jpg,https://picsum.photos/400/400,2026-01-26 12:18:07,gallery,13.02
gallery_234.jpg,https://picsum.photos/400/400,2026-01-26 12:18:08,gallery,11.76
gallery_235.jpg,https://picsum.photos/400/400,2026-01-26 12:18:09,gallery,25.08
gallery_236.jpg,https://picsum.photos/400/400,2026-01-26 12:18:10,gallery,22.21
gallery_237.jpg,https://picsum.photos/400/400,2026-01-26 12:18:10,gallery,32.56
gallery_238.jpg,https://picsum.photos/400/400,2026-01-26 12:18:11,gallery,12.16
gallery_239.jpg,https://picsum.photos/400/400,2026-01-26 12:18:12,gallery,11.5
gallery_240.jpg,https://picsum.photos/400/400,2026-01-26 12:18:12,gallery,32.08
gallery_241.jpg,https://picsum.photos/400/400,2026-01-26 12:18:13,gallery,24.44
gallery_242.jpg,https://picsum.photos/400/400,2026-01-26 12:18:13,gallery,29.42
gallery_243.jpg,https://picsum.photos/400/400,2026-01-26 12:18:14,gallery,17.35
gallery_244.jpg,https://picsum.photos/400/400,2026-01-26 12:18:15,gallery,17.2
gallery_245.jpg,https://picsum.photos/400/400,2026-01-26 12:18:15,gallery,35.6
gallery_246.jpg,https://picsum.photos/400/400,2026-01-26 12:18:16,gallery,26.85
gallery_247.jpg,https://picsum.photos/400/400,2026-01-26 12:18:16,gallery,14.25
gallery_248.jpg,https://picsum.photos/400/400,2026-01-26 12:18:17,gallery,12.14
gallery_249.jpg,https://picsum.photos/400/400,2026-01-26 12:18:18,gallery,33.82
gallery_250.jpg,https://picsum.photos/400/400,2026-01-26 12:18:19,gallery,28.04
gallery_251.jpg,https://picsum.photos/400/400,2026-01-26 12:18:19,gallery,18.6
gallery_252.jpg,https://picsum.photos/400/400,2026-01-26 12:18:20,gallery,7.61
gallery_253.jpg,https://picsum.photos/400/400,2026-01-26 12:18:21,gallery,12.76
gallery_254.jpg,https://picsum.photos/400/400,2026-01-26 12:18:21,gallery,26.32
gallery_255.jpg,https://picsum.photos/400/400,2026-01-26 12:18:22,gallery,22.65
gallery_256.jpg,https://picsum.photos/400/400,2026-01-26 12:18:23,gallery,7.99
gallery_257.jpg,https://picsum.photos/400/400,2026-01-26 12:18:24,gallery,21.58
gallery_258.jpg,https://picsum.photos/400/400,2026-01-26 12:18:24,gallery,13.61
gallery_259.jpg,https://picsum.photos/400/400,2026-01-26 12:18:25,gallery,30.98
gallery_260.jpg,https://picsum.photos/400/400,2026-01-26 12:18:25,gallery,24.95
gallery_261.jpg,https://picsum.photos/400/400,2026-01-26 12:18:26,gallery,7.92
gallery_262.jpg,https://picsum.photos/400/400,2026-01-26 12:18:26,gallery,26.97
gallery_263.jpg,https://picsum.photos/400/400,2026-01-26 12:18:27,gallery,29.55
gallery_264.jpg,https://picsum.photos/400/400,2026-01-26 12:18:29,gallery,30.99
gallery_265.jpg,https://picsum.photos/400/400,2026-01-26 12:18:29,gallery,26.4
gallery_266.jpg,https://picsum.photos/400/400,2026-01-26 12:18:30,gallery,12.33
gallery_267.jpg,https://picsum.photos/400/400,2026-01-26 12:18:30,gallery,7.32
gallery_268.jpg,https://picsum.photos/400/400,2026-01-26 12:18:31,gallery,16.59
gallery_269.jpg,https://picsum.photos/400/400,2026-01-26 12:18:31,gallery,18.25
gallery_270.jpg,https://picsum.photos/400/400,2026-01-26 12:18:33,gallery,28.57
gallery_271.jpg,https://picsum.photos/400/400,2026-01-26 12:18:34,gallery,21.99
gallery_272.jpg,https://picsum.photos/400/400,2026-01-26 12:18:34,gallery,8.76
gallery_273.jpg,https://picsum.photos/400/400,2026-01-26 12:18:35,gallery,20.1
gallery_274.jpg,https://picsum.photos/400/400,2026-01-26 12:18:35,gallery,42.21
gallery_275.jpg,https://picsum.photos/400/400,2026-01-26 12:18:36,gallery,23.64
gallery_276.jpg,https://picsum.photos/400/400,2026-01-26 12:18:36,gallery,14.16
gallery_277.jpg,https://picsum.photos/400/400,2026-01-26 12:18:37,gallery,14.16
gallery_278.jpg,https://picsum.photos/400/400,2026-01-26 12:18:37,gallery,18.21
gallery_279.jpg,https://picsum.photos/400/400,2026-01-26 12:18:38,gallery,15.62
gallery_280.jpg,https://picsum.photos/400/400,2026-01-26 12:18:39,gallery,13.58
gallery_281.jpg,https://picsum.photos/400/400,2026-01-26 12:18:39,gallery,30.68
gallery_282.jpg,https://picsum.photos/400/400,2026-01-26 12:18:40,gallery,14.19
gallery_283.jpg,https://picsum.photos/400/400,2026-01-26 12:18:41,gallery,20.21
gallery_284.jpg,https://picsum.photos/400/400,2026-01-26 12:18:42,gallery,15.79
gallery_285.jpg,https://picsum.photos/400/400,2026-01-26 12:18:42,gallery,20.86
gallery_286.jpg,https://picsum.photos/400/400,2026-01-26 12:18:43,gallery,33.94
gallery_287.jpg,https://picsum.photos/400/400,2026-01-26 12:18:43,gallery,17.97
gallery_288.jpg,https://picsum.photos/400/400,2026-01-26 12:18:44,gallery,19.58
gallery_289.jpg,https://picsum.photos/400/400,2026-01-26 12:18:45,gallery,16.96
gallery_290.jpg,https://picsum.photos/400/400,2026-01-26 12:18:45,gallery,29.18
gallery_291.jpg,https://picsum.photos/400/400,2026-01-26 12:18:46,gallery,15.88
gallery_292.jpg,https://picsum.photos/400/400,2026-01-26 12:18:47,gallery,34.19
gallery_293.jpg,https://picsum.photos/400/400,2026-01-26 12:18:48,gallery,13.14
gallery_294.jpg,https://picsum.photos/400/400,2026-01-26 12:18:49,gallery,26.85
gallery_295.jpg,https://picsum.photos/400/400,2026-01-26 12:18:50,gallery,18.74
gallery_296.jpg,https://picsum.photos/400/400,2026-01-26 12:18:51,gallery,22.57
gallery_297.jpg,https://picsum.photos/400/400,2026-01-26 12:18:51,gallery,19.46
gallery_298.jpg,https://picsum.photos/400/400,2026-01-26 12:18:52,gallery,5.21
gallery_299.jpg,https://picsum.photos/400/400,2026-01-26 12:18:52,gallery,18.6
gallery_300.jpg,https://picsum.photos/400/400,2026-01-26 12:18:53,gallery,28.13
gallery_301.jpg,https://picsum.photos/400/400,2026-01-26 12:18:54,gallery,35.01
gallery_302.jpg,https://picsum.photos/400/400,2026-01-26 12:18:54,gallery,25.93
gallery_303.jpg,https://picsum.photos/400/400,2026-01-26 12:18:55,gallery,23.14
gallery_304.jpg,https://picsum.photos/400/400,2026-01-26 12:18:56,gallery,34.99
gallery_305.jpg,https://picsum.photos/400/400,2026-01-26 12:18:56,gallery,18.04
gallery_306.jpg,https://picsum.photos/400/400,2026-01-26 12:18:58,gallery,22.87
gallery_307.jpg,https://picsum.photos/400/400,2026-01-26 12:18:59,gallery,11.96
gallery_308.jpg,https://picsum.photos/400/400,2026-01-26 12:19:00,gallery,25.36
gallery_309.jpg,https://picsum.photos/400/400,2026-01-26 12:19:00,gallery,11.82
gallery_310.jpg,https://picsum.photos/400/400,2026-01-26 12:19:02,gallery,34.69
gallery_311.jpg,https://picsum.photos/400/400,2026-01-26 12:19:02,gallery,8.6
gallery_312.jpg,https://picsum.photos/400/400,2026-01-26 12:19:02,gallery,31.04
gallery_313.jpg,https://picsum.photos/400/400,2026-01-26 12:19:03,gallery,22.19
gallery_314.jpg,https://picsum.photos/400/400,2026-01-26 12:19:04,gallery,8.79
gallery_315.jpg,https://picsum.photos/400/400,2026-01-26 12:19:05,gallery,24.24
gallery_316.jpg,https://picsum.photos/400/400,2026-01-26 12:19:06,gallery,22.48
gallery_317.jpg,https://picsum.photos/400/400,2026-01-26 12:19:07,gallery,37.58
gallery_318.jpg,https://picsum.photos/400/400,2026-01-26 12:19:07,gallery,25.35
gallery_319.jpg,https://picsum.photos/400/400,2026-01-26 12:19:08,gallery,30.87
gallery_320.jpg,https://picsum.photos/400/400,2026-01-26 12:19:09,gallery,21.58
gallery_321.jpg,https://picsum.photos/400/400,2026-01-26 12:19:10,gallery,41.03
gallery_322.jpg,https://picsum.photos/400/400,2026-01-26 12:19:11,gallery,26.76
gallery_323.jpg,https://picsum.photos/400/400,2026-01-26 12:19:11,gallery,25.53
gallery_324.jpg,https://picsum.photos/400/400,2026-01-26 12:19:12,gallery,28.84
gallery_325.jpg,https://picsum.photos/400/400,2026-01-26 12:19:14,gallery,9.38
gallery_326.jpg,https://picsum.photos/400/400,2026-01-26 12:19:15,gallery,30.43
gallery_327.jpg,https://picsum.photos/400/400,2026-01-26 12:19:16,gallery,27.56
gallery_328.jpg,https://picsum.photos/400/400,2026-01-26 12:19:17,gallery,24.62
gallery_329.jpg,https://picsum.photos/400/400,2026-01-26 12:19:18,gallery,37.5
gallery_330.jpg,https://picsum.photos/400/400,2026-01-26 12:19:18,gallery,19.59
gallery_331.jpg,https://picsum.photos/400/400,2026-01-26 12:19:19,gallery,11.15
gallery_332.jpg,https://picsum.photos/400/400,2026-01-26 12:19:20,gallery,26.82
gallery_333.jpg,https://picsum.photos/400/400,2026-01-26 12:19:24,gallery,20.1
gallery_334.jpg,https://picsum.photos/400/400,2026-01-26 12:19:25,gallery,28.84
gallery_335.jpg,https://picsum.photos/400/400,2026-01-26 12:19:25,gallery,36.06
gallery_336.jpg,https://picsum.photos/400/400,2026-01-26 12:19:26,gallery,32.56
gallery_337.jpg,https://picsum.photos/400/400,2026-01-26 12:19:27,gallery,23.54
gallery_338.jpg,https://picsum.photos/400/400,2026-01-26 12:19:27,gallery,16.86
gallery_339.jpg,https://picsum.photos/400/400,2026-01-26 12:19:29,gallery,19.98
gallery_340.jpg,https://picsum.photos/400/400,2026-01-26 12:19:30,gallery,17.22
gallery_341.jpg,https://picsum.photos/400/400,2026-01-26 12:19:33,gallery,17.16
gallery_342.jpg,https://picsum.photos/400/400,2026-01-26 12:19:35,gallery,24.96
gallery_343.jpg,https://picsum.photos/400/400,2026-01-26 12:19:36,gallery,15.8
gallery_344.jpg,https://picsum.photos/400/400,2026-01-26 12:19:36,gallery,8.31
gallery_345.jpg,https://picsum.photos/400/400,2026-01-26 12:19:37,gallery,10.02
gallery_346.jpg,https://picsum.photos/400/400,2026-01-26 12:19:38,gallery,28.15
gallery_347.jpg,https://picsum.photos/400/400,2026-01-26 12:19:39,gallery,7.2
gallery_348.jpg,https://picsum.photos/400/400,2026-01-26 12:19:40,gallery,21.13
gallery_349.jpg,https://picsum.photos/400/400,2026-01-26 12:19:42,gallery,6.26
gallery_350.jpg,https://picsum.photos/400/400,2026-01-26 12:19:42,gallery,18.64
gallery_351.jpg,https://picsum.photos/400/400,2026-01-26 12:19:43,gallery,7.93
gallery_352.jpg,https://picsum.photos/400/400,2026-01-26 12:19:44,gallery,22.12
gallery_353.jpg,https://picsum.photos/400/400,2026-01-26 12:19:45,gallery,17.82
gallery_354.jpg,https://picsum.photos/400/400,2026-01-26 12:19:46,gallery,22.22
gallery_355.jpg,https://picsum.photos/400/400,2026-01-26 12:19:46,gallery,28.71
gallery_356.jpg,https://picsum.photos/400/400,2026-01-26 12:19:49,gallery,28.68
gallery_357.jpg,https://picsum.photos/400/400,2026-01-26 12:19:49,gallery,31.62
gallery_358.jpg,https://picsum.photos/400/400,2026-01-26 12:19:50,gallery,26.5
gallery_359.jpg,https://picsum.photos/400/400,2026-01-26 12:19:51,gallery,14.05
gallery_360.jpg,https://picsum.photos/400/400,2026-01-26 12:19:51,gallery,33.86
gallery_361.jpg,https://picsum.photos/400/400,2026-01-26 12:19:54,gallery,14.71
gallery_362.jpg,https://picsum.photos/400/400,2026-01-26 12:19:55,gallery,21.85
gallery_363.jpg,https://picsum.photos/400/400,2026-01-26 12:19:55,gallery,37.52
gallery_364.jpg,https://picsum.photos/400/400,2026-01-26 12:19:56,gallery,6.22
gallery_365.jpg,https://picsum.photos/400/400,2026-01-26 12:19:57,gallery,27.41
gallery_366.jpg,https://picsum.photos/400/400,2026-01-26 12:19:59,gallery,28.0
gallery_367.jpg,https://picsum.photos/400/400,2026-01-26 12:20:01,gallery,22.75
gallery_368.jpg,https://picsum.photos/400/400,2026-01-26 12:20:02,gallery,31.97
gallery_369.jpg,https://picsum.photos/400/400,2026-01-26 12:20:06,gallery,20.93
gallery_370.jpg,https://picsum.photos/400/400,2026-01-26 12:20:07,gallery,26.56
gallery_371.jpg,https://picsum.photos/400/400,2026-01-26 12:20:07,gallery,27.43
gallery_372.jpg,https://picsum.photos/400/400,2026-01-26 12:20:08,gallery,15.22
gallery_373.jpg,https://picsum.photos/400/400,2026-01-26 12:20:09,gallery,35.37
gallery_374.jpg,https://picsum.photos/400/400,2026-01-26 12:20:10,gallery,25.52
gallery_375.jpg,https://picsum.photos/400/400,2026-01-26 12:20:11,gallery,17.86
gallery_376.jpg,https://picsum.photos/400/400,2026-01-26 12:20:13,gallery,44.79
gallery_377.jpg,https://picsum.photos/400/400,2026-01-26 12:20:14,gallery,17.05
